family,metric,window (kb),tolerance (bins),biological,technical
compartments,E1 Pearson (%),,,97.68,98.33
compartments,E1 Spearman (%),,,97.63,98.19
compartments,E1 sign agreement (%),,,95.47,96.97
compartments,comp. strength CV (%),,,5.11,0.44
insulation,insulation Pearson (%),50,,83.33,92.56
insulation,boundary count CV (%),50,,5.65,0.71
insulation,boundary strength CV (%),50,,4.98,0.34
insulation,boundary recall (%),50,1,58.9,71.48
insulation,boundary F1 (%),50,1,58.8,71.47
insulation,boundary recall (%),50,2,68.11,78.05
insulation,boundary F1 (%),50,2,67.99,78.05
insulation,boundary recall (%),50,3,73.44,80.81
insulation,boundary F1 (%),50,3,73.32,80.8
insulation,boundary recall (%),50,5,80.46,84.35
insulation,boundary F1 (%),50,5,80.34,84.34
insulation,insulation Pearson (%),100,,92.41,97.01
insulation,boundary count CV (%),100,,3.88,0.35
insulation,boundary strength CV (%),100,,5.41,0.24
insulation,boundary recall (%),100,1,67.93,80.21
insulation,boundary F1 (%),100,1,67.87,80.21
insulation,boundary recall (%),100,2,75.82,85.9
insulation,boundary F1 (%),100,2,75.75,85.9
insulation,boundary recall (%),100,3,79.72,88.11
insulation,boundary F1 (%),100,3,79.64,88.11
insulation,boundary recall (%),100,5,83.98,90.35
insulation,boundary F1 (%),100,5,83.9,90.35
