Group / sample,Replicate type,n,Density CV (%),Peak size CV (%),Peak slope CV (%)
ESC4DN-DSG-DpnII,biological,2.0,5.47,3.87,1.2
HFFc6-DSG-DdeI-DpnII,biological,2.0,8.44,1.37,3.05
HFFc6-DSG-DpnII,biological,2.0,12.45,4.12,6.71
IMR90,biological,7.0,25.68,23.06,9.85
k562,biological,2.0,3.31,1.57,4.99
kbm7,biological,4.0,11.82,5.48,3.07
U54-ESC4DN-DSG-DpnII-R1-T1,technical,9.0,0.85,1.38,0.12
U54-ESC4DN-DSG-DpnII-R2-T1,technical,9.0,0.77,0.94,0.13
U54-HFFc6-DSG-DdeI-DpnII-R1-T1,technical,9.0,0.24,0.58,0.08
U54-HFFc6-DSG-DdeI-DpnII-R3-T1,technical,9.0,0.4,0.98,0.1
U54-HFFc6-DSG-DpnII-R1-T1,technical,7.0,1.2,0.85,0.05
U54-HFFc6-DSG-DpnII-R2-T1,technical,8.0,1.12,1.42,0.08
mean (biological),biological,,11.19,6.58,4.81
mean (technical),technical,,0.76,1.02,0.09
