Dataset,SRR,Density full (loops/Mb),v0 eff (kb),T (kb),Density 200M,SD 200M,n 200M,Density 100M,SD 100M,n 100M,Density 50M,SD 50M,n 50M,Density 25M,SD 25M,n 25M,Density 10M,SD 10M,n 10M,Density 1M,SD 1M,n 1M
hESC-DSG-DpnII-R1-T1,SRR13601502,11.49,2.8,87,11.56,0.08,4,11.55,0.07,5,11.59,0.13,10,11.63,0.37,20,11.12,0.55,20,11.48,2.38,25
hESC-DSG-DpnII-R2-T1,SRR13601511,10.64,2.8,94,10.67,0.11,4,10.69,0.15,5,10.52,0.34,10,10.59,0.34,20,10.45,0.75,20,10.64,1.66,25
HFFc6-DdeI-DpnII-R1-T1,SRR13601574,7.04,0.7,142,7.05,0.02,4,7.05,0.06,5,7.1,0.07,10,7.12,0.15,20,7.08,0.14,20,8.11,1.31,25
HFFc6-DdeI-DpnII-R3-T1,SRR13601583,7.94,0.7,126,7.94,0.05,4,7.94,0.04,5,7.93,0.14,10,7.91,0.16,20,7.91,0.32,20,7.52,0.61,25
hESC-FA-DpnII-R1-T1,SRR13601520,8.26,8.5,121,8.47,0.39,4,8.29,0.38,5,8.51,0.56,10,8.13,0.85,20,8.67,1.02,20,9.04,2.47,25
hESC-FA-DpnII-R1-T2,SRR13601529,8.13,9.7,123,7.89,0.06,4,7.97,0.43,5,7.69,0.76,10,8.03,1.06,20,8.33,1.67,20,8.62,3.07,25
HFFc6-DSG-DpnII-R1-T1,SRR13601592,7.35,2.2,136,7.37,0.03,4,7.36,0.06,5,7.41,0.09,10,7.35,0.23,20,7.34,0.58,20,6.79,1.15,25
HFFc6-DSG-DpnII-R2-T1,SRR13601599,8.77,1.6,114,8.53,0.6,4,8.54,0.61,5,8.29,0.77,10,8.41,0.82,20,8.3,1.15,20,9.03,1.69,25
HMEC,SRR1658680,8.62,3.1,116,8.51,0.04,4,8.49,0.06,5,8.44,0.15,10,8.54,0.24,20,8.63,0.37,20,8.65,1.02,25
IMR90,SRR1658676,7.35,6.4,136,7.35,0.0,4,7.4,0.34,5,7.3,0.73,10,7.68,0.85,20,7.39,1.5,20,7.38,2.28,25
KBM7,SRR1658708,5.68,12.7,176,5.63,0.18,4,5.7,0.19,5,5.56,0.29,10,5.48,0.4,20,5.61,0.66,20,4.82,1.27,25
K562,SRR1658694,8.0,4.0,125,8.03,0.04,4,8.01,0.05,5,7.95,0.21,10,8.03,0.34,20,7.89,0.56,20,8.14,1.53,25
