Sample,SRR,Loop size full (kb),200M (n = 4),100M (n = 5),50M (n = 10),25M (n = 20),10M (n = 20),1M (n = 25)
hESC-DSG-DpnII-R1-T1,SRR13601502,71.0,70.5 ± 0.6,70.4 ± 1.5,71.4 ± 1.8,71.1 ± 2.7,71.2 ± 5.0,74.6 ± 10.2
hESC-DSG-DpnII-R2-T1,SRR13601511,75.0,74.0 ± 0.0,74.2 ± 0.4,73.8 ± 1.9,74.2 ± 3.4,75.0 ± 5.8,71.9 ± 14.0
HFFc6-DdeI-DpnII-R1-T1,SRR13601574,104.0,103.5 ± 0.6,103.4 ± 1.1,105.0 ± 1.4,104.6 ± 2.9,104.5 ± 4.2,112.6 ± 16.4
HFFc6-DdeI-DpnII-R3-T1,SRR13601583,102.0,101.2 ± 1.3,101.8 ± 0.8,101.9 ± 1.2,101.2 ± 3.0,101.2 ± 4.7,100.1 ± 12.3
hESC-FA-DpnII-R1-T1,SRR13601520,74.0,73.8 ± 1.3,75.2 ± 1.5,74.3 ± 4.4,73.8 ± 7.6,73.9 ± 11.6,78.2 ± 22.4
hESC-FA-DpnII-R1-T2,SRR13601529,82.0,82.0 ± 1.4,80.8 ± 3.8,81.7 ± 4.1,82.4 ± 9.7,84.0 ± 9.6,86.0 ± 24.5
HFFc6-DSG-DpnII-R1-T1,SRR13601592,106.0,104.8 ± 1.0,105.0 ± 1.6,105.1 ± 2.4,106.2 ± 2.4,105.4 ± 4.4,102.9 ± 11.4
HFFc6-DSG-DpnII-R2-T1,SRR13601599,100.0,99.5 ± 1.0,99.0 ± 1.0,100.0 ± 2.2,99.9 ± 3.8,99.6 ± 5.7,102.2 ± 17.3
HMEC,SRR1658680,100.0,99.8 ± 1.3,98.4 ± 3.6,97.9 ± 3.7,98.7 ± 7.7,101.1 ± 10.9,101.8 ± 22.1
IMR90,SRR1658676,91.0,89.8 ± 0.5,90.0 ± 1.9,91.2 ± 2.9,90.2 ± 4.1,88.0 ± 7.6,91.7 ± 19.8
KBM7,SRR1658708,100.0,99.2 ± 5.2,99.0 ± 1.6,99.1 ± 6.1,102.0 ± 11.5,99.4 ± 13.7,98.8 ± 32.1
K562,SRR1658694,89.0,88.8 ± 1.7,89.4 ± 1.5,89.7 ± 2.4,88.9 ± 4.7,88.7 ± 9.4,92.2 ± 17.4
